"Knot[3, 1]"
"Knot[3, 1]m"
"Knot[4, 1]"
"Knot[5, 1]"
"Knot[5, 1]m"
"Knot[5, 2]"
"Knot[5, 2]m"
"Knot[6, 1]"
"Knot[6, 1]m"
"Knot[6, 2]"
"Knot[6, 2]m"
"Knot[6, 3]"
"Knot[7, 1]"
"Knot[7, 1]m"
"Knot[7, 2]"
"Knot[7, 2]m"
"Knot[7, 3]"
"Knot[7, 3]m"
"Knot[7, 4]"
"Knot[7, 4]m"
"Knot[7, 5]"
"Knot[7, 5]m"
"Knot[7, 6]"
"Knot[7, 6]m"
"Knot[7, 7]"
"Knot[7, 7]m"
"Knot[8, 1]"
"Knot[8, 1]m"
"Knot[8, 2]"
"Knot[8, 2]m"
"Knot[8, 3]"
"Knot[8, 4]"
"Knot[8, 4]m"
"Knot[8, 5]"
"Knot[8, 5]m"
"Knot[8, 6]"
"Knot[8, 6]m"
"Knot[8, 7]"
"Knot[8, 7]m"
"Knot[8, 8]"
"Knot[8, 8]m"
"Knot[8, 9]"
"Knot[8, 10]"
"Knot[8, 10]m"
"Knot[8, 11]"
"Knot[8, 11]m"
"Knot[8, 12]"
"Knot[8, 13]"
"Knot[8, 13]m"
"Knot[8, 14]"
"Knot[8, 14]m"
"Knot[8, 15]"
"Knot[8, 15]m"
"Knot[8, 16]"
"Knot[8, 16]m"
"Knot[8, 17]"
"Knot[8, 17]r"
"Knot[8, 18]"
"Knot[8, 19]"
"Knot[8, 19]m"
"Knot[8, 20]"
"Knot[8, 20]m"
"Knot[8, 21]"
"Knot[8, 21]m"
"Knot[9, 1]"
"Knot[9, 1]m"
"Knot[9, 2]"
"Knot[9, 2]m"
"Knot[9, 3]"
"Knot[9, 3]m"
"Knot[9, 4]"
"Knot[9, 4]m"
"Knot[9, 5]"
"Knot[9, 5]m"
"Knot[9, 6]"
"Knot[9, 6]m"
"Knot[9, 7]"
"Knot[9, 7]m"
"Knot[9, 8]"
"Knot[9, 8]m"
"Knot[9, 9]"
"Knot[9, 9]m"
"Knot[9, 10]"
"Knot[9, 10]m"
"Knot[9, 11]"
"Knot[9, 11]m"
"Knot[9, 12]"
"Knot[9, 12]m"
"Knot[9, 13]"
"Knot[9, 13]m"
"Knot[9, 14]"
"Knot[9, 14]m"
"Knot[9, 15]"
"Knot[9, 15]m"
"Knot[9, 16]"
"Knot[9, 16]m"
"Knot[9, 17]"
"Knot[9, 17]m"
"Knot[9, 18]"
"Knot[9, 18]m"
"Knot[9, 19]"
"Knot[9, 19]m"
"Knot[9, 20]"
"Knot[9, 20]m"
"Knot[9, 21]"
"Knot[9, 21]m"
"Knot[9, 22]"
"Knot[9, 22]m"
"Knot[9, 23]"
"Knot[9, 23]m"
"Knot[9, 24]"
"Knot[9, 24]m"
"Knot[9, 25]"
"Knot[9, 25]m"
"Knot[9, 26]"
"Knot[9, 26]m"
"Knot[9, 27]"
"Knot[9, 27]m"
"Knot[9, 28]"
"Knot[9, 28]m"
"Knot[9, 29]"
"Knot[9, 29]m"
"Knot[9, 30]"
"Knot[9, 30]m"
"Knot[9, 31]"
"Knot[9, 31]m"
"Knot[9, 32]"
"Knot[9, 32]r"
"Knot[9, 32]m"
"Knot[9, 32]rm"
"Knot[9, 33]"
"Knot[9, 33]r"
"Knot[9, 33]m"
"Knot[9, 33]rm"
"Knot[9, 34]"
"Knot[9, 34]m"
"Knot[9, 35]"
"Knot[9, 35]m"
"Knot[9, 36]"
"Knot[9, 36]m"
"Knot[9, 37]"
"Knot[9, 37]m"
"Knot[9, 38]"
"Knot[9, 38]m"
"Knot[9, 39]"
"Knot[9, 39]m"
"Knot[9, 40]"
"Knot[9, 40]m"
"Knot[9, 41]"
"Knot[9, 41]m"
"Knot[9, 42]"
"Knot[9, 42]m"
"Knot[9, 43]"
"Knot[9, 43]m"
"Knot[9, 44]"
"Knot[9, 44]m"
"Knot[9, 45]"
"Knot[9, 45]m"
"Knot[9, 46]"
"Knot[9, 46]m"
"Knot[9, 47]"
"Knot[9, 47]m"
"Knot[9, 48]"
"Knot[9, 48]m"
"Knot[9, 49]"
"Knot[9, 49]m"
"Knot[10, 1]"
"Knot[10, 1]m"
"Knot[10, 2]"
"Knot[10, 2]m"
"Knot[10, 3]"
"Knot[10, 3]m"
"Knot[10, 4]"
"Knot[10, 4]m"
"Knot[10, 5]"
"Knot[10, 5]m"
"Knot[10, 6]"
"Knot[10, 6]m"
"Knot[10, 7]"
"Knot[10, 7]m"
"Knot[10, 8]"
"Knot[10, 8]m"
"Knot[10, 9]"
"Knot[10, 9]m"
"Knot[10, 10]"
"Knot[10, 10]m"
"Knot[10, 11]"
"Knot[10, 11]m"
"Knot[10, 12]"
"Knot[10, 12]m"
"Knot[10, 13]"
"Knot[10, 13]m"
"Knot[10, 14]"
"Knot[10, 14]m"
"Knot[10, 15]"
"Knot[10, 15]m"
"Knot[10, 16]"
"Knot[10, 16]m"
"Knot[10, 17]"
"Knot[10, 18]"
"Knot[10, 18]m"
"Knot[10, 19]"
"Knot[10, 19]m"
"Knot[10, 20]"
"Knot[10, 20]m"
"Knot[10, 21]"
"Knot[10, 21]m"
"Knot[10, 22]"
"Knot[10, 22]m"
"Knot[10, 23]"
"Knot[10, 23]m"
"Knot[10, 24]"
"Knot[10, 24]m"
"Knot[10, 25]"
"Knot[10, 25]m"
"Knot[10, 26]"
"Knot[10, 26]m"
"Knot[10, 27]"
"Knot[10, 27]m"
"Knot[10, 28]"
"Knot[10, 28]m"
"Knot[10, 29]"
"Knot[10, 29]m"
"Knot[10, 30]"
"Knot[10, 30]m"
"Knot[10, 31]"
"Knot[10, 31]m"
"Knot[10, 32]"
"Knot[10, 32]m"
"Knot[10, 33]"
"Knot[10, 34]"
"Knot[10, 34]m"
"Knot[10, 35]"
"Knot[10, 35]m"
"Knot[10, 36]"
"Knot[10, 36]m"
"Knot[10, 37]"
"Knot[10, 38]"
"Knot[10, 38]m"
"Knot[10, 39]"
"Knot[10, 39]m"
"Knot[10, 40]"
"Knot[10, 40]m"
"Knot[10, 41]"
"Knot[10, 41]m"
"Knot[10, 42]"
"Knot[10, 42]m"
"Knot[10, 43]"
"Knot[10, 44]"
"Knot[10, 44]m"
"Knot[10, 45]"
"Knot[10, 46]"
"Knot[10, 46]m"
"Knot[10, 47]"
"Knot[10, 47]m"
"Knot[10, 48]"
"Knot[10, 48]m"
"Knot[10, 49]"
"Knot[10, 49]m"
"Knot[10, 50]"
"Knot[10, 50]m"
"Knot[10, 51]"
"Knot[10, 51]m"
"Knot[10, 52]"
"Knot[10, 52]m"
"Knot[10, 53]"
"Knot[10, 53]m"
"Knot[10, 54]"
"Knot[10, 54]m"
"Knot[10, 55]"
"Knot[10, 55]m"
"Knot[10, 56]"
"Knot[10, 56]m"
"Knot[10, 57]"
"Knot[10, 57]m"
"Knot[10, 58]"
"Knot[10, 58]m"
"Knot[10, 59]"
"Knot[10, 59]m"
"Knot[10, 60]"
"Knot[10, 60]m"
"Knot[10, 61]"
"Knot[10, 61]m"
"Knot[10, 62]"
"Knot[10, 62]m"
"Knot[10, 63]"
"Knot[10, 63]m"
"Knot[10, 64]"
"Knot[10, 64]m"
"Knot[10, 65]"
"Knot[10, 65]m"
"Knot[10, 66]"
"Knot[10, 66]m"
"Knot[10, 67]"
"Knot[10, 67]r"
"Knot[10, 67]m"
"Knot[10, 67]rm"
"Knot[10, 68]"
"Knot[10, 68]m"
"Knot[10, 69]"
"Knot[10, 69]m"
"Knot[10, 70]"
"Knot[10, 70]m"
"Knot[10, 71]"
"Knot[10, 71]m"
"Knot[10, 72]"
"Knot[10, 72]m"
"Knot[10, 73]"
"Knot[10, 73]m"
"Knot[10, 74]"
"Knot[10, 74]m"
"Knot[10, 75]"
"Knot[10, 75]m"
"Knot[10, 76]"
"Knot[10, 76]m"
"Knot[10, 77]"
"Knot[10, 77]m"
"Knot[10, 78]"
"Knot[10, 78]m"
"Knot[10, 79]"
"Knot[10, 79]m"
"Knot[10, 80]"
"Knot[10, 80]r"
"Knot[10, 80]m"
"Knot[10, 80]rm"
"Knot[10, 81]"
"Knot[10, 81]m"
"Knot[10, 82]"
"Knot[10, 82]r"
"Knot[10, 82]m"
"Knot[10, 82]rm"
"Knot[10, 83]"
"Knot[10, 83]r"
"Knot[10, 83]m"
"Knot[10, 83]rm"
"Knot[10, 84]"
"Knot[10, 84]r"
"Knot[10, 84]m"
"Knot[10, 84]rm"
"Knot[10, 85]"
"Knot[10, 85]r"
"Knot[10, 85]m"
"Knot[10, 85]rm"
"Knot[10, 86]"
"Knot[10, 86]r"
"Knot[10, 86]m"
"Knot[10, 86]rm"
"Knot[10, 87]"
"Knot[10, 87]r"
"Knot[10, 87]m"
"Knot[10, 87]rm"
"Knot[10, 88]"
"Knot[10, 88]m"
"Knot[10, 89]"
"Knot[10, 89]m"
"Knot[10, 90]"
"Knot[10, 90]r"
"Knot[10, 90]m"
"Knot[10, 90]rm"
"Knot[10, 91]"
"Knot[10, 91]r"
"Knot[10, 91]m"
"Knot[10, 91]rm"
"Knot[10, 92]"
"Knot[10, 92]r"
"Knot[10, 92]m"
"Knot[10, 92]rm"
"Knot[10, 93]"
"Knot[10, 93]r"
"Knot[10, 93]m"
"Knot[10, 93]rm"
"Knot[10, 94]"
"Knot[10, 94]r"
"Knot[10, 94]m"
"Knot[10, 94]rm"
"Knot[10, 95]"
"Knot[10, 95]r"
"Knot[10, 95]m"
"Knot[10, 95]rm"
"Knot[10, 96]"
"Knot[10, 96]m"
"Knot[10, 97]"
"Knot[10, 97]m"
"Knot[10, 98]"
"Knot[10, 98]r"
"Knot[10, 98]m"
"Knot[10, 98]rm"
"Knot[10, 99]"
"Knot[10, 100]"
"Knot[10, 100]m"
"Knot[10, 101]"
"Knot[10, 101]m"
"Knot[10, 102]"
"Knot[10, 102]r"
"Knot[10, 102]m"
"Knot[10, 102]rm"
"Knot[10, 103]"
"Knot[10, 103]m"
"Knot[10, 104]"
"Knot[10, 104]m"
"Knot[10, 105]"
"Knot[10, 105]m"
"Knot[10, 106]"
"Knot[10, 106]r"
"Knot[10, 106]m"
"Knot[10, 106]rm"
"Knot[10, 107]"
"Knot[10, 107]r"
"Knot[10, 107]m"
"Knot[10, 107]rm"
"Knot[10, 108]"
"Knot[10, 108]m"
"Knot[10, 109]"
"Knot[10, 109]m"
"Knot[10, 110]"
"Knot[10, 110]r"
"Knot[10, 110]m"
"Knot[10, 110]rm"
"Knot[10, 111]"
"Knot[10, 111]m"
"Knot[10, 112]"
"Knot[10, 112]m"
"Knot[10, 113]"
"Knot[10, 113]m"
"Knot[10, 114]"
"Knot[10, 114]m"
"Knot[10, 115]"
"Knot[10, 115]m"
"Knot[10, 116]"
"Knot[10, 116]m"
"Knot[10, 117]"
"Knot[10, 117]r"
"Knot[10, 117]m"
"Knot[10, 117]rm"
"Knot[10, 118]"
"Knot[10, 118]m"
"Knot[10, 119]"
"Knot[10, 119]r"
"Knot[10, 119]m"
"Knot[10, 119]rm"
"Knot[10, 120]"
"Knot[10, 120]m"
"Knot[10, 121]"
"Knot[10, 121]m"
"Knot[10, 122]"
"Knot[10, 122]m"
"Knot[10, 123]"
"Knot[10, 124]"
"Knot[10, 124]m"
"Knot[10, 125]"
"Knot[10, 125]m"
"Knot[10, 126]"
"Knot[10, 126]m"
"Knot[10, 127]"
"Knot[10, 127]m"
"Knot[10, 128]"
"Knot[10, 128]m"
"Knot[10, 129]"
"Knot[10, 129]m"
"Knot[10, 130]"
"Knot[10, 130]m"
"Knot[10, 131]"
"Knot[10, 131]m"
"Knot[10, 132]"
"Knot[10, 132]m"
"Knot[10, 133]"
"Knot[10, 133]m"
"Knot[10, 134]"
"Knot[10, 134]m"
"Knot[10, 135]"
"Knot[10, 135]m"
"Knot[10, 136]"
"Knot[10, 136]m"
"Knot[10, 137]"
"Knot[10, 137]m"
"Knot[10, 138]"
"Knot[10, 138]m"
"Knot[10, 139]"
"Knot[10, 139]m"
"Knot[10, 140]"
"Knot[10, 140]m"
"Knot[10, 141]"
"Knot[10, 141]m"
"Knot[10, 142]"
"Knot[10, 142]m"
"Knot[10, 143]"
"Knot[10, 143]m"
"Knot[10, 144]"
"Knot[10, 144]m"
"Knot[10, 145]"
"Knot[10, 145]m"
"Knot[10, 146]"
"Knot[10, 146]m"
"Knot[10, 147]"
"Knot[10, 147]r"
"Knot[10, 147]m"
"Knot[10, 147]rm"
"Knot[10, 148]"
"Knot[10, 148]r"
"Knot[10, 148]m"
"Knot[10, 148]rm"
"Knot[10, 149]"
"Knot[10, 149]r"
"Knot[10, 149]m"
"Knot[10, 149]rm"
"Knot[10, 150]"
"Knot[10, 150]r"
"Knot[10, 150]m"
"Knot[10, 150]rm"
"Knot[10, 151]"
"Knot[10, 151]r"
"Knot[10, 151]m"
"Knot[10, 151]rm"
"Knot[10, 152]"
"Knot[10, 152]m"
"Knot[10, 153]"
"Knot[10, 153]r"
"Knot[10, 153]m"
"Knot[10, 153]rm"
"Knot[10, 154]"
"Knot[10, 154]m"
"Knot[10, 155]"
"Knot[10, 155]m"
"Knot[10, 156]"
"Knot[10, 156]m"
"Knot[10, 157]"
"Knot[10, 157]m"
"Knot[10, 158]"
"Knot[10, 158]m"
"Knot[10, 159]"
"Knot[10, 159]m"
"Knot[10, 160]"
"Knot[10, 160]m"
"Knot[10, 161]"
"Knot[10, 161]m"
"Knot[10, 162]"
"Knot[10, 162]m"
"Knot[10, 163]"
"Knot[10, 163]m"
"Knot[10, 164]"
"Knot[10, 164]m"
"Knot[10, 165]"
"Knot[10, 165]m"
"Knot[3, 1]#Knot[3, 1]"
"Knot[3, 1]#Knot[3, 1]m"
"Knot[3, 1]m#Knot[3, 1]m"
"Knot[3, 1]#Knot[4, 1]"
"Knot[3, 1]m#Knot[4, 1]"
"Knot[3, 1]#Knot[5, 1]"
"Knot[3, 1]#Knot[5, 1]m"
"Knot[3, 1]#Knot[5, 2]"
"Knot[3, 1]#Knot[5, 2]m"
"Knot[3, 1]m#Knot[5, 1]"
"Knot[3, 1]m#Knot[5, 1]m"
"Knot[3, 1]m#Knot[5, 2]"
"Knot[3, 1]m#Knot[5, 2]m"
"Knot[4, 1]#Knot[4, 1]"
"Knot[3, 1]#Knot[6, 1]"
"Knot[3, 1]#Knot[6, 1]m"
"Knot[3, 1]#Knot[6, 2]"
"Knot[3, 1]#Knot[6, 2]m"
"Knot[3, 1]#Knot[6, 3]"
"Knot[3, 1]m#Knot[6, 1]"
"Knot[3, 1]m#Knot[6, 1]m"
"Knot[3, 1]m#Knot[6, 2]"
"Knot[3, 1]m#Knot[6, 2]m"
"Knot[3, 1]m#Knot[6, 3]"
"Knot[4, 1]#Knot[5, 1]"
"Knot[4, 1]#Knot[5, 1]m"
"Knot[4, 1]#Knot[5, 2]"
"Knot[4, 1]#Knot[5, 2]m"
"Knot[3, 1]#Knot[7, 1]"
"Knot[3, 1]#Knot[7, 1]m"
"Knot[3, 1]#Knot[7, 2]"
"Knot[3, 1]#Knot[7, 2]m"
"Knot[3, 1]#Knot[7, 3]"
"Knot[3, 1]#Knot[7, 3]m"
"Knot[3, 1]#Knot[7, 4]"
"Knot[3, 1]#Knot[7, 4]m"
"Knot[3, 1]#Knot[7, 5]"
"Knot[3, 1]#Knot[7, 5]m"
"Knot[3, 1]#Knot[7, 6]"
"Knot[3, 1]#Knot[7, 6]m"
"Knot[3, 1]#Knot[7, 7]"
"Knot[3, 1]#Knot[7, 7]m"
"Knot[3, 1]m#Knot[7, 1]"
"Knot[3, 1]m#Knot[7, 1]m"
"Knot[3, 1]m#Knot[7, 2]"
"Knot[3, 1]m#Knot[7, 2]m"
"Knot[3, 1]m#Knot[7, 3]"
"Knot[3, 1]m#Knot[7, 3]m"
"Knot[3, 1]m#Knot[7, 4]"
"Knot[3, 1]m#Knot[7, 4]m"
"Knot[3, 1]m#Knot[7, 5]"
"Knot[3, 1]m#Knot[7, 5]m"
"Knot[3, 1]m#Knot[7, 6]"
"Knot[3, 1]m#Knot[7, 6]m"
"Knot[3, 1]m#Knot[7, 7]"
"Knot[3, 1]m#Knot[7, 7]m"
"Knot[4, 1]#Knot[6, 1]"
"Knot[4, 1]#Knot[6, 1]m"
"Knot[4, 1]#Knot[6, 2]"
"Knot[4, 1]#Knot[6, 2]m"
"Knot[4, 1]#Knot[6, 3]"
"Knot[5, 1]#Knot[5, 1]"
"Knot[5, 1]#Knot[5, 1]m"
"Knot[5, 1]#Knot[5, 2]"
"Knot[5, 1]#Knot[5, 2]m"
"Knot[5, 1]m#Knot[5, 1]m"
"Knot[5, 1]m#Knot[5, 2]"
"Knot[5, 1]m#Knot[5, 2]m"
"Knot[5, 2]#Knot[5, 2]"
"Knot[5, 2]#Knot[5, 2]m"
"Knot[5, 2]m#Knot[5, 2]m"
"Knot[3, 1]#Knot[3, 1]#Knot[3, 1]"
"Knot[3, 1]#Knot[3, 1]#Knot[3, 1]m"
"Knot[3, 1]#Knot[3, 1]m#Knot[3, 1]m"
"Knot[3, 1]m#Knot[3, 1]m#Knot[3, 1]m"
"Knot[3, 1]#Knot[3, 1]#Knot[4, 1]"
"Knot[3, 1]#Knot[3, 1]m#Knot[4, 1]"
"Knot[3, 1]m#Knot[3, 1]m#Knot[4, 1]"